name,id,tier,rarity,tech/manufacturer,tags,uiTags,base value,unlocked,hidden,hiddenEverywhere,cost_frigate,cost_dest,cost_cruiser,cost_capital,script,desc,short,sModDesc,sprite
가속 방어막,advancedshieldemitter,0,,,"defensive, shields, merc, standard",Shields,3000,,,,3,6,9,15,data.hullmods.AcceleratedShieldEmitter,"함선의 방어막 선회 속도를 %s, 방어막 전개 속도를 %s 증가시킵니다.",방어막 선회 속도 및 전개 속도 증가.,방어막의 선회 속도와 전개 속도를 추가로 %s 증가.,graphics/hullmods/accelerated_shields.png
적응형 위상 코일,adaptive_coils,2,,,"phase, merc, standard",Phase,5000,,,,5,10,15,25,com.fs.starfarer.api.impl.hullmods.AdaptivePhaseCoils,"위상 코일은 함선의 하드 플럭스 수치가 높아질수록 일반 공간과의 연결을 유지하기 어려워지며, 코일이 추진력을 얻지 못해 최고 속도가 크게 감소합니다.

이 개조를 통해 코일이 더 높은 하드 플럭스를 처리할 수 있게 되어, 속도가 최저치에 도달하는 임계값을 %s 증가시킵니다. 다른 개조가 없는 표준 코일의 경우 임계값이 %s에서 %s로 증가합니다.",위상 중 하드 플럭스가 최고 속도에 미치는 영향 감소.,,graphics/hullmods/phase_field.png
고급 광학장치,advancedoptics,2,,,"offensive, merc, standard",Weapons,1000,,,,5,10,15,25,data.hullmods.AdvancedOptics,"빔 무기의 사거리를 %s 연장하지만, 선회 속도를 %s 감소시킵니다. 통합 조준 장치와 중첩 적용됩니다.",빔 무기 사거리 증가.,,graphics/hullmods/advanced_optics.png
고급 포탑 자이로,turretgyros,0,,,"defensive, merc, standard",Weapons,2500,,,,2,4,6,10,data.hullmods.AdvancedTurretGyros,모든 포탑의 선회 속도를 %s 증가시킵니다.,포탑 선회 속도 증가.,미사일과 전투기에 대한 피해를 %s 증가. 크기 차이 1단계마다 소형 함선에 대한 피해를 %s 증가.,graphics/hullmods/advanced_turret_gyros.png
장갑 무기 마운트,armoredweapons,0,,,"defensive, merc, standard","Weapons, Defenses",2500,TRUE,,,3,6,9,15,data.hullmods.ArmoredWeapons,"모든 무기의 내구도를 %s 증가시키고 반동을 %s 감소시키지만, 무기 선회 속도를 %s 감소시킵니다. 또한 함선의 장갑을 %s 증가시킵니다.","무기 비활성화 저항 강화, 반동 감소.",모든 비미사일 무기의 발사 속도를 %s 증가.,graphics/hullmods/armored_weapon_emplacements.png
강습 패키지,assault_package,1,,,"defensive, civ_package, no_drop, no_drop_salvage, hide_in_codex","Special, Defenses",8000,,,,3,6,9,15,com.fs.starfarer.api.impl.hullmods.AssaultPackage,"함선의 선체 강도를 %s, 장갑을 %s, 플럭스 용량을 %s 증가시킵니다.

전투에서 적에게 교전을 시도하며 전투함으로 행동합니다.","선체 강도, 장갑, 플럭스 용량 증가.",,graphics/hullmods/assault_package.png
자동 수리 장치,autorepair,2,,,"engines, defensive, merc, standard",Defenses,7500,,,,3,6,9,15,data.hullmods.AutomatedRepairUnit,전투 중 비활성화된 무기와 엔진의 수리 시간을 %s 단축합니다.,전투 중 무기 수리 속도 증가.,"수리 시간을 %s로 단축하고, 과부하 지속 시간을 %s 감소.",graphics/hullmods/automated_repair_unit.png
보조 추진기,auxiliarythrusters,1,,,"engines, merc, standard",Engines,5000,TRUE,,,4,8,12,20,data.hullmods.AuxiliaryThrusters,함선의 기동성을 %s 향상시킵니다.,기동성 향상.,"플럭스 제로 속도 보너스를 %s 증가, 플럭스 제로 선회 속도 보너스를 %s.",graphics/hullmods/auxilliary_thrusters.png
탄도 거리 측정기,ballistic_rangefinder,2,,,"offensive, merc, standard",Weapons,8000,,,,5,10,15,25,com.fs.starfarer.api.impl.hullmods.BallisticRangefinder,<스크립트에서 생성되는 툴팁>,소형·중형 탄도 슬롯 무기의 기본 사거리 증가.,,graphics/hullmods/ballistic_rangefinder.png
방폭 격벽,blast_doors,0,,,"defensive, merc, standard",Defenses,2500,TRUE,,,4,8,12,20,data.hullmods.BlastDoors,"함선 내 주요 지점에 기밀 강화 격벽을 추가로 설치합니다. 선체 강도를 %s 증가시킵니다.

전투 중 선체 피해로 인한 선원 사상자를 %s 감소시킵니다.","선체 강도 증가, 선원 사상자 감소.",선원 사상자 감소율을 %s로 증가.,graphics/hullmods/blast_doors.png
개조 격납고,converted_hangar,1,,,"special, non_phase, merc, standard",Fighters,5000,,,,0,10,10,10,com.fs.starfarer.api.impl.hullmods.ConvertedHangar,<스크립트에서 생성되는 툴팁>,비항모용 임시 전투기 격납고.,"순양함의 전투기 교체 속도 회복율을 %s 증가, 전함은 %s 증가. 구축함에는 추가 효과 없음.",graphics/hullmods/converted_hangar.png
개조 전투기 격납고,converted_fighterbay,0,,,"req_spaceport, special, non_phase, standard","Fighters, Logistics, Requires Dock",3000,,,,2,4,6,10,data.hullmods.ConvertedFighterBay,"함선의 기본 내장 비행대가 있는 전투기 격납고를 임시 화물창으로 전환하여 화물 용량을 %s 추가하고, 전투기 격납고당 필요 승무원을 %s 감소시킵니다.",기본 전투기 격납고를 임시 화물창으로 전환.,전투기 격납고당 월 유지비를 %s 감소.,graphics/hullmods/converted_fighter_bay.png
전용 조준 코어,dedicated_targeting_core,0,,,"offensive, merc, standard",Weapons,2500,TRUE,,,0,0,15,25,data.hullmods.DedicatedTargetingCore,"탄도 및 에너지 무기의 사거리를 순양함/전함 기준 %s/%s 증가시킵니다.

프리깃이나 구축함에는 설치할 수 없으며, 통합 조준 장치와 함께 작동하지 않습니다.","무기 사거리 증가, 대형 함선일수록 효과 큼.","순양함의 사거리 보너스를 %s로, 전함은 %s로 증가.",graphics/hullmods/targeting_core.png
방어 조준 배열,defensive_targeting_array,2,,,"special, merc, standard",Fighters,3000,,,,2,4,6,10,com.fs.starfarer.api.impl.hullmods.DefensiveTargetingArray,"표준 전투기 통신 링크를 근거리 조준 데이터 제공용으로 전용합니다.

전투기의 미사일 및 다른 전투기에 대한 피해를 %s 증가시키지만, 전투기가 모함 근처에서만 비행하도록 제한합니다.","전투기 점방어 피해 증가, 전투기 배회 범위 제거.",함선 전투기의 탄도 및 에너지 무기 사거리를 %s 유닛 연장.,graphics/hullmods/defensive_targeting_array.png
ECCM 패키지,eccm,2,,,"offensive, defensive, merc, standard",Weapons,2500,,,,5,8,15,20,data.hullmods.ECCMPackage,"함선이 발사한 미사일이 전자 방해 수단 및 플레어에 영향을 받을 확률을 %s 감소시킵니다.

각 미사일에 내장된 CPU 코어가 미사일 최고 속도를 %s, 유도 반응성을 %s 증가시킵니다.

전투에 배치될 경우, 함선 크기에 따라 함대의 전자전 등급을 %s/%s/%s/%s 증가시킵니다.","미사일 속도·유도 개선, 전자전 방해 감소.","무기 사거리 감소를 완전히 무효화하고, 함선의 미사일이 항상 플레어를 무시.",graphics/hullmods/eccm_package.png
ECM 패키지,ecm,2,,,"offensive, special, merc, standard","Weapons, Support",4000,,,,6,12,18,24,com.fs.starfarer.api.impl.hullmods.ECMPackage,"전투에 배치될 경우, 함선 크기에 따라 %s/%s/%s/%s의 ECM 등급을 부여합니다.",함선 ECM 등급 증가.,,graphics/hullmods/ecm_package.png
호위 패키지,escort_package,1,,,"special, weapons, engines, standard","Special, Weapons, Engines",8000,,,,0,7,15,0,com.fs.starfarer.api.impl.hullmods.EscortPackage,"인근 약 %s su 이내에 아군 대형 함선이 있을 경우, 이 함선의 기동성을 %s, 최고 속도를 %s 증가시킵니다. 또한 탄도 및 에너지 무기 사거리를 %s 증가시킵니다.

이 혜택은 호위받는 함선에도 일부 적용됩니다.","인근 대형 아군 함선 근처에서 기동성, 최고 속도, 무기 사거리 증가.",구축함: 방어막이 받는 피해를 %s 감소. 순양함에는 추가 효과 없음.,graphics/hullmods/escort_package.png
확장 갑판 인원,expanded_deck_crew,1,,,"special, merc, standard",Fighters,4000,,,,5,10,15,25,com.fs.starfarer.api.impl.hullmods.ExpandedDeckCrew,"전투기 손실로 인한 전투기 교체 속도 감소율을 %s 줄이고, 회복 속도를 %s 증가시킵니다.

전투기 격납고당 필요 승무원을 %s 증가시킵니다.","전투기 교체 속도 향상, 필요 승무원 증가.",,graphics/hullmods/expanded_deck_crew.png
확장 탄약고,magazines,1,,,"offensive, merc, standard",Weapons,2500,,,,3,5,7,10,data.hullmods.ExpandedMagazines,탄도 및 에너지 무기의 탄약 용량 또는 충전 횟수를 %s 증가시킵니다.,탄도 및 에너지 무기 탄약/충전 횟수 증가.,탄도 및 에너지 무기의 탄약/충전 재생 속도를 %s 증가.,graphics/hullmods/expanded_magazines2.png
확장 미사일 랙,missleracks,1,,,"offensive, merc, standard",Weapons,5000,,,,8,12,20,30,data.hullmods.ExpandedMissileRacks,미사일 무기의 탄약 용량을 %s 증가시킵니다.,미사일 무기 탄약 증가.,미사일 무기의 발사 속도를 %s 감소.,graphics/hullmods/expanded_missile_racks.png
확장 방어막,extendedshieldemitter,1,,,"shields, defensive, merc, standard",Shields,5000,,,,4,8,12,20,data.hullmods.ExtendedShieldEmitter,방어막의 범위를 %s도 증가시킵니다.,최대 방어막 범위 증가.,방어막 범위를 추가로 %s도 증가.,graphics/hullmods/extended_shields.png
플럭스 코일 보조장치,fluxcoil,0,,,"special, merc, standard",Special,4000,TRUE,,,4,8,12,20,data.hullmods.FluxCoilAdjunct,"함선 크기에 따라 플럭스 용량을 %s/%s/%s/%s 증가시킵니다. 플럭스 커패시터보다 효율은 낮지만, 이미 최대 커패시터를 탑재한 설계에 가장 유용합니다.",플럭스 용량 증가.,플럭스 용량을 추가로 %s/%s/%s/%s 증가시켜 커패시터 추가와 동등한 효율.,graphics/hullmods/flux_coil_adjunct.png
플럭스 분배기,fluxdistributor,0,,,"special, merc, standard",Special,4000,TRUE,,,4,8,12,20,data.hullmods.FluxDistributor,"함선 크기에 따라 플럭스 방출을 %s/%s/%s/%s 증가시킵니다. 플럭스 벤트보다 효율은 낮지만, 이미 최대 벤트를 탑재한 설계에 가장 유용합니다.",플럭스 방출 증가.,플럭스 방출을 추가로 %s/%s/%s/%s 증가시켜 벤트 추가와 동등한 효율.,graphics/hullmods/flux_distributor.png
,,,,,,,,,,,,,,,,,,,
방어막 분로,shield_shunt,1,,,"special, shields, merc, standard","Special, Shields",3000,,,,3,5,7,10,com.fs.starfarer.api.impl.hullmods.ShieldShunt,함선의 방어막을 제거합니다. 외부 방출 노드를 강화 장갑판으로 교체하여 함선의 장갑을 %s 증가시킵니다.,"방어막 제거, 장갑 증가.",함선의 장갑을 추가로 %s 증가.,graphics/hullmods/shield_shunt.png
임시 방어막 발생기,frontshield,0,,,"shields, defensive, standard",Shields,4000,,,,5,10,15,25,data.hullmods.FrontShieldGenerator,"함선에 임시적이고 비효율적인 방어막 발생기를 설치합니다. 방어막 방출장치는 전면 고정 위치에 잠기며 범위는 %s도입니다.

방어막 발생기는 엔진 출력의 상당 부분을 소모하여 최고 속도를 %s 감소시킵니다.",방어막 없는 함선에 기본 방어막 설치. 최고 속도 감소.,,graphics/hullmods/front_shield_generator.png
미사일 자동장전기,missile_autoloader,1,,,"offensive, merc, standard",Weapons,6000,,,,8,12,20,30,com.fs.starfarer.api.impl.hullmods.MissileAutoloader,<스크립트에서 생성되는 툴팁>,소형 미사일 마운트의 미사일 재장전.,재장전 후 쿨다운을 %s초로 증가.,graphics/hullmods/missile_autoloader.png
강화 방어막,hardenedshieldemitter,3,,,"shields, defensive, merc, standard",Shields,10000,,,,5,10,15,25,data.hullmods.HardenedShieldEmitter,방어막이 받는 피해를 %s 감소시킵니다. 또한 이온 빔과 같은 무기의 EMP 아크가 방어막을 관통할 확률도 감소시킵니다.,방어막이 받는 피해 감소.,,graphics/hullmods/hardened_shields.png
강화 보조 시스템,hardened_subsystems,0,,,"special, merc, standard",Special,2500,TRUE,,,5,10,15,25,data.hullmods.HardenedSubsystems,"장기 출격으로 인한 성능 저하가 발생하는 함선의 최고 운용 시간을 %s 증가시킵니다.

전투 준비도 감소 속도도 %s 줄입니다.","최고 운용 시간 증가, CR 감소 속도 완화.",,graphics/hullmods/hardened_subsystems.png
중장갑,heavyarmor,0,,,"defensive, merc, standard",Defenses,2500,,,,8,15,20,40,data.hullmods.HeavyArmor,함선 크기에 따라 함선의 장갑을 %s/%s/%s/%s 포인트 증가시킵니다.,장갑 증가.,함선의 기동성을 %s 감소.,graphics/hullmods/heavy_armor.png
고산란 증폭기,high_scatter_amp,3,,,"offensive, merc, standard",Weapons,5000,,,,4,8,12,20,com.fs.starfarer.api.impl.hullmods.HighScatterAmp,<스크립트에서 생성되는 툴팁>,빔 사거리 감소; 빔이 더 많은 피해 주고 방어막에 하드 플럭스 적용.,빔 무기 피해를 추가로 %s 증가.,graphics/hullmods/high_scatter_amp.png
통합 점방어 AI,pointdefenseai,3,,,"defensive, merc, standard","Weapons, Defenses",10000,,,,3,6,9,15,data.hullmods.IntegratedPointDefenseAI,"모든 점방어 무기가 유인 플레어를 식별하고 무시할 수 있게 됩니다. 또한 모든 점방어 무기는 전투 준비도에 관계없이 최상의 표적 선행을 얻으며, 미사일에 대한 피해가 %s 증가합니다.","점방어가 유인 플레어 무시, 표적 선행 향상, 미사일 피해 증가.",모든 소형 비미사일·비타격 무기가 '점방어'로 분류되어 자동으로 미사일을 조준하며 점방어 스탯 보정 적용.,graphics/hullmods/integrated_point_defense_ai.png
#Point Defense Integration,pdintegration,3,,,"defensive, merc","Weapons, Defenses",10000,,,,12,15,18,24,com.fs.starfarer.api.impl.hullmods.PDIntegration,"Reduces the ordnance point cost of small point-defense weapons by %s. The cost reduction only affects weapons that have PD capability as a feature of the weapon itself, and not when it's gained through other means such as from a hullmod.

In addition, all point-defense weapons deal %s more damage to all targets.","Reduces ordnance point cost of small PD weapons, increases all PD damage.",,graphics/hullmods/integrated_point_defense_ai.png
통합 조준 장치,targetingunit,3,,,"offensive, merc, standard",Weapons,10000,,,,4,8,15,25,data.hullmods.IntegratedTargetingUnit,"함선 크기에 따라 탄도 및 에너지 무기의 사거리를 %s/%s/%s/%s 연장합니다. 전용 조준 코어와 함께 작동하지 않습니다.

대부분의 전투함은 통합 조준 장치 또는 전용 조준 코어 중 하나를 설치합니다.","무기 사거리 증가, 대형 함선일수록 효과 큼.",,graphics/hullmods/integrated_targeting_unit.png
항법 중계기,nav_relay,2,,,"engines, special, merc, standard","Engines, Support",5000,,,,10,15,20,25,com.fs.starfarer.api.impl.hullmods.NavRelay,"전투에 배치될 경우, 함선 크기에 따라 함대의 항법 등급을 %s/%s/%s/%s 증가시킵니다.

함대의 총 항법 등급은 배치된 함선의 최고 속도를 증가시킵니다.",배치된 함선의 최고 속도 증가.,,graphics/hullmods/nav_relay.png
신경 인터페이스,neural_interface,3,,,"special, no_drop, no_drop_salvage",Special,10000,,,,3,6,9,15,com.fs.starfarer.api.impl.hullmods.NeuralInterface,"기함과 다른 함선을 연결하여 두 함선이 동시에 %s할 수 있게 합니다. '지휘권 이전'과 마찬가지로, 탄약 용량 증가나 전투 준비도 같은 일부 스킬 효과는 링크된 함선에는 적용되지 않습니다.","함선 간 빠른 전환 허용, 시스템 재사용 대기 초기화 및 충전 추가.",함선에서의 전환이 배치 포인트 합계에 관계없이 항상 즉시 이루어짐.,graphics/hullmods/neural_interface.png
신경 통합기,neural_integrator,,,,"special, no_drop, no_drop_salvage",Special,10000,,,,3,6,9,15,com.fs.starfarer.api.impl.hullmods.NeuralIntegrator,링크를 통해 함선의 모든 시스템을 직접 제어할 수 있게 하여 자동화 함선과 함께 작동하는 강화된 신경 인터페이스입니다. 두 함선이 동시에 %s할 수 있습니다.,자동화 함선용 특수 신경 인터페이스.,함선에서의 전환이 배치 포인트 합계에 관계없이 항상 즉시 이루어짐.,graphics/hullmods/neural_integrator.png
방어막 전환 - 전면,frontemitter,2,,,"shields, defensive, merc, standard",Shields,7000,,,,3,5,8,12,data.hullmods.FrontShieldEmitter,함선의 전방위 방어막 방출장치를 전면 고정 위치로 잠그고 범위를 %s 확대합니다. 모든 전면 방출장치와 마찬가지로 방어막도 두 배 빠르게 전개됩니다.,"전방위 방어막을 전면으로 전환, 범위 확대.",방어막이 받는 피해를 %s 감소.,graphics/hullmods/front_shield_emitter.png
방어막 전환 - 전방위,adaptiveshields,3,,,"shields, defensive, merc, standard",Shields,7000,,,,3,5,8,12,data.hullmods.OmniShieldEmitter,전면 방어막을 전방위 방어막으로 전환합니다. 방어막의 범위를 %s 감소시킵니다.,"전면 방어막을 전방위로 전환, 범위 축소.",방어막 범위 패널티 무효화.,graphics/hullmods/omni_shield_emitter_mod.png
작전 지휘소,operations_center,1,,,special,Special,5000,,,,30,30,30,30,com.fs.starfarer.api.impl.hullmods.OperationsCenter,기함에 설치될 경우 명령 포인트 회복 속도를 %s 증가시킵니다.,기함 탑승 시 명령 포인트 회복 속도 증가.,,graphics/hullmods/operations_center.png
위상 닻,phase_anchor,3,,,"phase, merc, no_build_in, standard, phase_brawler",Phase,7000,,,,10,20,30,50,com.fs.starfarer.api.impl.hullmods.PhaseAnchor,"위상 은폐 장치의 활성화 비용을 %s로 줄입니다. 위상 상태에서 소프트 플럭스 방출과 무기 충전 속도를 %s 증가시킵니다.

다른 방법으로는 함선을 파괴하거나 비활성화할 중대한 피해를 입을 경우, 함선은 즉시 위상 상태로 전환됩니다.","위상 중 플럭스 방출 및 무기 충전 증가, 긴급 잠수 기동.",,graphics/hullmods/phase_anchor.png
회수 셔틀,recovery_shuttles,1,,,"special, standard",Fighters,4000,,,,3,6,9,15,com.fs.starfarer.api.impl.hullmods.RecoveryShuttles,전투기 조종사 사상자를 %s 감소시킵니다.,전투기 조종사 사상자 감소.,전투기 조종사 사상자 감소율을 %s로 증가.,graphics/hullmods/recovery_shuttles.png
강화 격벽,reinforcedhull,0,,,"defensive, merc, standard",Defenses,2500,TRUE,,,5,10,15,30,data.hullmods.ReinforcedBulkheads,"함선의 선체 강도를 %s 증가시킵니다. 비활성화될 경우 함선이 분해되지 않으며, 전투 후 거의 항상 회수 가능합니다.",선체 강도 증가; 손실 시 거의 항상 회수 가능.,,graphics/hullmods/reinforced_bulkheads.png
내성 플럭스 도관,fluxbreakers,2,,,"defensive, merc, standard","Special, Defenses",7000,,,,3,6,9,15,data.hullmods.FluxBreakers,이온 캐논 등의 무기로부터 받는 EMP 피해를 %s 감소시킵니다. 또한 환기 중 플럭스 방출 속도를 %s 증가시킵니다.,"EMP 피해 감소, 환기 속도 향상.",환기 중 플럭스 방출 속도를 추가로 %s 증가.,graphics/hullmods/resistant_flux_conduits.png
안전장치 해제,safetyoverrides,0,,,"special, engines, offensive, merc, no_build_in, standard","Special, Engines",2500,TRUE,,,15,30,45,70,data.hullmods.SafetyOverrides,"안전 프로토콜을 비활성화하여 함선 크기에 따라 전투 최고 속도를 %s/%s/%s 증가시키고 (가속도도 증가), 플럭스 제로 엔진 부스트가 즉시 적용되도록 합니다.

그러나 최고 운용 시간이 크게 감소하고 전투 준비도 감소 속도도 빨라집니다.","성능 대폭 향상, 최고 운용 시간 크게 감소.",,graphics/hullmods/safety_overrides.png
,,,,,,,,,,,,,,,,,,,
안정화 방어막,stabilizedshieldemitter,1,,,"shields, defensive, merc, standard",Shields,5000,,,,3,6,9,15,data.hullmods.StabilizedShieldEmitter,방어막이 켜진 상태에서 초당 발생하는 소프트 플럭스를 %s 감소시킵니다. 방어막이 피해를 받아 발생하는 하드 플럭스에는 영향을 미치지 않습니다.,방어막 플럭스 유지 비용 감소.,방어막이 받는 하드 플럭스 피해의 %s를 소프트 플럭스로 전환.,graphics/hullmods/stabilized_shields.png
,,,,,,,,,,,,,,,,,,,
불안정 분사기,unstable_injector,0,,,"engines, merc, standard",Engines,2500,TRUE,,,5,10,15,25,data.hullmods.UnstableInjector,"함선 크기에 따라 전투 최고 속도를 %s/%s/%s/%s su/초 증가시킵니다.

무기 조준 및 취약한 시스템에 간섭을 일으켜 비미사일 무기 사거리를 %s 감소시킵니다.","속도 증가, 무기 사거리 감소.",,graphics/hullmods/unstable_injector.png
,,,,,,,,,,,,,,,,,,,
,,,,,,,,,,,,,,,,,,,
,,,,,,,,,,,,,,,,,,,
# logistics hullmods,,,,,,,,,,,,,,,,,,,
추가 선원실,additional_berthing,0,,,"req_spaceport, merc, standard","Logistics, Requires Dock",3000,TRUE,,,5,10,15,25,com.fs.starfarer.api.impl.hullmods.AdditionalBerthing,"함선 크기에 따라 최대 선원 수용 인원을 %s/%s/%s/%s 또는 %s 중 높은 값으로 증가시킵니다.

민간 등급 선체의 경우 유지 물자 소모도 %s 증가합니다.",선원 수용 인원 증가.,"선원 수용 인원 증가를 두 배로 하며, 민간 선체의 경우 유지비 증가를 무효화.",graphics/hullmods/berthing.png
증강 추진 필드,augmentedengines,1,,,"req_spaceport, merc, standard","Logistics, Requires Dock",8000,,,,8,16,24,40,data.hullmods.AugmentedEngines,최대 번 레벨을 %s 증가시킵니다.,최대 번 레벨 증가.,최대 번 레벨을 추가로 %s 증가.,graphics/hullmods/augmented_drive_field2.png
보조 연료 탱크,auxiliary_fuel_tanks,0,,,"req_spaceport, merc, standard","Logistics, Requires Dock",4000,TRUE,,,5,10,15,25,com.fs.starfarer.api.impl.hullmods.AuxiliaryFuelTanks,"함선 크기에 따라 최대 연료 용량을 %s/%s/%s/%s 또는 %s 중 높은 값으로 증가시킵니다.

민간 등급 선체의 경우 유지 물자 소모도 %s 증가합니다.",연료 용량 증가.,"연료 용량 증가를 두 배로 하며, 민간 선체의 경우 유지비 증가를 무효화.",graphics/hullmods/fuel_tanks.png
효율 대개수,efficiency_overhaul,0,,,"req_spaceport, merc, standard","Logistics, Requires Dock",4000,,,,3,6,9,15,com.fs.starfarer.api.impl.hullmods.EfficiencyOverhaul,"유지 물자 소모, 연료 소모, 최소 필요 승무원을 %s 감소시킵니다.

전투 준비도 회복 및 수리 속도를 %s 증가시킵니다. CR 회복에 드는 일일 물자 소모는 증가합니다.",유지 비용 절감 및 배치 가능 횟수 증가.,"유지비, 연료 소모, 최소 승무원 요구량을 추가로 %s 감소.",graphics/hullmods/efficiency.png
확장 화물창,expanded_cargo_holds,0,,,"req_spaceport, merc, standard","Logistics, Requires Dock",4000,TRUE,,,5,10,15,25,com.fs.starfarer.api.impl.hullmods.ExpandedCargoHolds,"함선 크기에 따라 최대 화물 용량을 %s/%s/%s/%s 또는 %s 중 높은 값으로 증가시킵니다.

민간 등급 선체의 경우 유지 물자 소모도 %s 증가합니다.",화물 용량 증가.,"화물 용량 증가를 두 배로 하며, 민간 선체의 경우 유지비 증가를 무효화.",graphics/hullmods/expanded_cargo.png
고해상도 센서,hiressensors,2,,,"req_spaceport, merc, standard","Logistics, Requires Dock",9000,,,,4,6,9,15,com.fs.starfarer.api.impl.hullmods.HighResSensors,<스크립트에서 생성되는 툴팁>,함대 센서 범위 증가.,함선 크기에 따라 전투 중 시야 범위를 %s/%s/%s/%s 증가.,graphics/hullmods/high_res_sensors.png
절연 엔진 어셈블리,insulatedengine,0,,,"engines, defensive, req_spaceport, merc, standard","Engines, Logistics, Defenses, Requires Dock",2500,,,,3,6,9,15,data.hullmods.InsulatedEngines,"함선 엔진의 내구도를 %s, 선체 강도를 %s 증가시킵니다.

함선의 센서 프로파일도 %s 감소합니다.","엔진 비활성화 저항 강화, 센서 프로파일 감소.","엔진 내구도를 추가로 %s 증가시키고, 센서 프로파일 감소를 %s로 증가.",graphics/hullmods/insulated_engine_assembly.png
군사화 보조 시스템,militarized_subsystems,0,,,"req_spaceport, merc, standard","Special, Logistics, Requires Dock",6000,TRUE,,,4,8,12,20,com.fs.starfarer.api.impl.hullmods.MilitarizedSubsystems,"민간 등급 선체의 패널티를 제거하고 최대 번 레벨을 %s 증가시킵니다.

최소 필요 승무원을 %s 증가시킵니다.","센서 패널티 제거, 최대 번 레벨 증가, 필요 승무원 증가.",승무원 증가 요구량 무효화.,graphics/hullmods/militarized_subsystems.png
태양 차폐막,solar_shielding,2,,,"defensive, req_spaceport, merc, standard","Defenses, Logistics, Requires Dock",5000,,,,3,6,9,15,data.hullmods.SolarShielding,"원래 내부 아스코니아 항성계의 독특한 환경에 대응하기 위해 독재국 기술자들이 개발했습니다. 태양 코로나 내 운용이 전투 준비도에 미치는 영향을 %s 감소시키고, 에너지 피해를 %s 감소시킵니다.",코로나 및 에너지 피해 영향 감소.,태양 코로나 및 유사 위험으로부터의 보호를 %s로 증가.,graphics/hullmods/solar_shielding2.png
탐사 장비,surveying_equipment,1,,,"special, req_spaceport, standard","Logistics, Requires Dock",5000,,,,5,10,15,25,data.hullmods.SurveyingEquipment,"함선 크기에 따라 탐사에 필요한 중장비와 물자를 %s/%s/%s/%s 감소시키며, 각 항목의 최솟값은 %s입니다.",탐사 자원 요구량 감소.,탐사 비용 절감을 %s 증가.,graphics/hullmods/surveying_equipment.png
,,,,,,,,,,,,,,,,,,,
# standard built-in hullmods,,,,,,,,,,,,,,,,,,,
Terminator Core,terminator_core,,,,,Weapons,,,TRUE,,0,0,0,0,com.fs.starfarer.api.impl.hullmods.TerminatorCore,"Gives all point-defense weapons the ability to identify - and ignore - decoy flares. In addition, all weapons get the best possible target leading, regardless of combat readiness, all damage to missiles and fighters is increased by %s, and beam weapon range is increased by %s units.",,,graphics/hullmods/terminator_core.png
Shared Flux Sink,shared_flux_sink,,,,,,,,TRUE,,0,0,0,0,com.fs.starfarer.api.impl.hullmods.SharedFluxSink,"Handles %s of the flux dissipation of all attached modules. If modules are lost during battle, the extra flux dissipation is redistributed among the remaining modules. Up to %s of this extra dissipation applies to hard flux.",Flux/hard flux dissipation bonus as modules are lost.,,graphics/hullmods/shared_flux_sink.png
Stealth Minefield,stealth_minefield,,,,,,,,TRUE,,0,0,0,0,com.fs.starfarer.api.impl.hullmods.StealthMinefield,Mines attack enemy ships during battle.,Mines attack enemy ships during battle.,,graphics/hullmods/stealth_mines.png
Stealth Minefield - Low Tech,stealth_minefield_lt,,,,,,,,TRUE,,0,0,0,0,com.fs.starfarer.api.impl.hullmods.StealthMinefieldLT,Mines attack enemy ships during battle.,Mines attack enemy ships during battle.,,graphics/hullmods/stealth_mines.png
B-Deck,bdeck,,,,,,,,TRUE,,0,0,0,0,com.fs.starfarer.api.impl.hullmods.BDeck,"Once per combat, when the fighter replacement rate reaches %s, the fighter launch bays are switched over to operate from a ""B-Deck"".

Standby fighters are launched to rapidly bring the wings back up to full strength, and the fighter replacement rate is set to %s.",Launches fresh wing once per combat and replenishes the replacement rate.,,graphics/hullmods/bdeck.png
Fighter Chassis Storage,chassis_storage,,,,,,,,TRUE,,0,0,0,0,com.fs.starfarer.api.impl.hullmods.FighterChassisStorage,Fighter replacement rate does not go down when fighters are lost.,Fighter replacement rate does not go down.,,graphics/hullmods/expanded_deck_crew.png
Shield Always On,shield_always_on,,,,,,,,TRUE,TRUE,0,0,0,0,com.fs.starfarer.api.impl.hullmods.ShieldAlwaysOn,,"Forces shield to stay on. Hidden, doesn't need description or icon.",,graphics/hullmods/hardened_shields.png
Missile Autoforge,missile_reload,,,,codex_require_related,,,,TRUE,,0,0,0,0,com.fs.starfarer.api.impl.hullmods.PeriodicMissileReload,An autoforge inside the ship periodically fully reloads the magazines of all missile weapons.,Periodically reloads all missile weapons.,,graphics/hullmods/expanded_missile_racks.png
차폐 화물창,shielded_holds,2,,,,,,,TRUE,,0,0,0,0,data.hullmods.ShieldedCargoHolds,우주 방사선으로부터 화물을 보호할 수 없는 함선에서 흔히 발견됩니다. 밀수품이 탐지되지 않을 확률을 높입니다.,밀수품 탐지 회피 확률 향상.,,graphics/hullmods/shielded_cargo_hold.png
수리 갠트리,repair_gantry,,,,,,,,TRUE,,0,0,0,0,com.fs.starfarer.api.impl.campaign.RepairGantry,"버려진 기지, 난파선, 표류 선체 등을 구난할 때 획득하는 자원을 %s/%s/%s/%s 증가시킵니다.",구난 작업에서 획득 자원 증가.,,graphics/hullmods/repair_gantry.png
위상 필드,phasefield,,,,,,,,TRUE,,0,0,0,0,com.fs.starfarer.api.impl.hullmods.PhaseField,함선이 장기간 저출력 위상 필드를 유지하여 실질 센서 프로파일을 %s 감소시킵니다.,함대 전체 센서 프로파일 감소.,,graphics/hullmods/phase_field.png
Flux Shunt,fluxshunt,,,,,,,,TRUE,,0,0,0,0,data.hullmods.FluxShunt,Allows the ship to dissipate hard flux at %s of the normal rate while shields are on.,Allows dissipation of hard flux while shields are up.,,graphics/hullmods/flux_shunt.png
민간 등급 선체,civgrade,,,,,,,,TRUE,,0,0,0,0,data.hullmods.CivGrade,센서 프로파일을 %s 증가시킵니다. 센서 강도를 %s 감소시킵니다.,"센서 프로파일 증가, 센서 강도 감소.",,graphics/hullmods/civilian_grade.png
높은 유지비,high_maintenance,,,,,,,,TRUE,,0,0,0,0,data.hullmods.HighMaintenance,월간 유지 물자 비용을 %s 증가시킵니다.,유지 비용 증가.,,graphics/hullmods/high_maintenance.png
에너지 볼트 집속기,coherer,,,,,,,,TRUE,,0,0,0,0,com.fs.starfarer.api.impl.hullmods.EnergyBoltCoherer,<스크립트에서 생성되는 툴팁>,비빔 에너지 무기의 기본 사거리 증가.,,graphics/hullmods/coherer.png
설계 타협,design_compromises,,,,,,,,TRUE,,0,0,0,0,com.fs.starfarer.api.impl.hullmods.DesignCompromises,경쟁하는 설계 우선순위로 인해 함선 성능이 저하되어 있습니다.,미사일·탄도 무기 사거리와 플럭스 방출/용량 감소.,,graphics/hullmods/design_compromises.png
,,,,,,,,,,,,,,,,,,,
,,,,,,,,,,,,,,,,,,,
,,,,,,,,,,,,,,,,,,,
Monofilament Tow Cable,tow_cable,,,,hide_in_codex,,,,TRUE,,0,0,0,0,com.fs.starfarer.api.impl.campaign.TowCable,"Improves the maximum burn level of the slowest ship in the fleet by 1. Multiple tugs can not be used to speed up the same ship by more than 1.

Can not be used in combat.",Increases burn level of another ship.,,graphics/hullmods/monofilament_cable.png
Drive Field Stabilizer,drive_field_stabilizer,,,,,,,,TRUE,,0,0,0,0,com.fs.starfarer.api.impl.hullmods.DriveFieldStabilizer,"Stabilizes the fleet's drive bubble, increasing the maximum burn of the fleet by %s. The effect of multiple stabilizers is cumulative.

Increases the ship's sensor profile by %s.",Reduces fleetwide fuel use.,,graphics/hullmods/augmented_drive_field.png
Ground Support Package,ground_support,,,,,,,,TRUE,,0,0,0,0,com.fs.starfarer.api.impl.hullmods.GroundSupport,"Close support weapons and counter-measures for ground defenses. Increases the effective strength of planetary raids by %s, up to the total number of marines in the fleet.",Improves effectiveness of raids.,,graphics/hullmods/ground_support.png
Advanced Ground Support,advanced_ground_support,,,,,,,,TRUE,,0,0,0,0,com.fs.starfarer.api.impl.hullmods.AdvancedGroundSupport,"Close support weapons and counter-measures for ground defenses. Increases the effective strength of planetary raids by %s, up to the total number of marines in the fleet.",Improves effectiveness of raids.,,graphics/hullmods/ground_support_adv.png
Delicate Machinery,delicate,,,,,,,,TRUE,,0,0,0,0,data.hullmods.DelicateMachinery,"The ship systems require excessive maintenance and do not stand up well under the rigours of prolonged engagements.

Increases the rate of in-combat CR decay after peak performance time runs out by %s.",Increases CR decay rate after peak time runs out.,,graphics/hullmods/delicate_machinery.png
중형 탄도 통합,hbi,,,,,,,,TRUE,,0,0,0,0,com.fs.starfarer.api.impl.hullmods.HeavyBallisticsIntegration,대형 탄도 무기의 무장 포인트 비용을 %s 감소시킵니다.,대형 탄도 무기의 무장 포인트 비용 감소.,,graphics/hullmods/ballistics_integration.png
대형 격납고,vast_hangar,,,,,,,,TRUE,,0,0,0,0,com.fs.starfarer.api.impl.hullmods.VastHangar,"함선에 대형 격납고와 지원 소함대가 있습니다.

개조 격납고가 추가하는 전투기 격납고 수가 증가하고, 최고 속도 패널티가 제거됩니다.",개조 격납고의 효과 증가 및 패널티 제거.,,graphics/hullmods/vast_hangar.png
견고한 구조,rugged,,,,,,,,TRUE,,0,0,0,0,com.fs.starfarer.api.impl.hullmods.RuggedConstruction,"대부분의 D-모드 부정적 효과를 %s 감소시킵니다. 전투 중 비활성화되거나 파괴될 경우, 새 D-모드를 피할 확률이 %s입니다.",D-모드 영향 감소; 손실 시 거의 항상 회수 가능.,,graphics/hullmods/rugged_construction.png
자동화 함선,automated,,,,codex_require_related,,,,TRUE,,0,0,0,0,com.fs.starfarer.api.impl.hullmods.Automated,"이 함선은 완전 자동화되어 있으며, 인간 승무원이 필요 없고 탑승시킬 수도 없습니다.","승무원 불필요, 지원 불가.",,graphics/hullmods/automated.png
고급 조준 코어,advancedcore,,,,,,,,TRUE,,0,0,0,0,data.hullmods.AdvancedTargetingCore,탄도 및 에너지 무기의 사거리를 %s 연장합니다. 점방어 무기의 사거리는 %s만 연장됩니다.,비미사일 무기 사거리 대폭 연장.,,graphics/hullmods/advanced_targeting_core.png
조준 슈퍼컴퓨터,supercomputer,,,,,,,,TRUE,,0,0,0,0,data.hullmods.TargetingSupercomputer,탄도 및 에너지 무기의 사거리를 %s 연장합니다. 점방어 무기의 사거리는 %s만 연장됩니다.,비미사일 무기 사거리 대폭 연장.,,graphics/hullmods/targeting_supercomputer.png
Experimental Phase Coils,ex_phase_coils,,,,codex_require_related,,,,TRUE,,0,0,0,0,com.fs.starfarer.api.impl.hullmods.ExperimentalPhaseCoils,Reduces phase cloak cooldown by %s.,Greatly reduces phase cloak cooldown.,,graphics/hullmods/phase_coils_experimental.png
High Volition Attractor,high_frequency_attractor,,,,codex_require_related,,,,TRUE,,0,0,0,0,com.fs.starfarer.api.combat.BaseHullMod,An experimental modification allowing high-frequency motes to be warped in by the rift core on board the ship.,Launches more powerful high-frequency motes.,,graphics/hullmods/high_volition_attractor.png
박리 장갑,ablative_armor,,,,,,,,TRUE,,0,0,0,0,com.fs.starfarer.api.impl.hullmods.AblativeArmor,내부 구성 요소를 보호하기 위한 재료의 순수 부피에 의존하는 고대 설계입니다. 장갑 기반 피해 감소 효과가 크게 감소합니다.,장갑의 피해 감소 효과 감소.,,graphics/hullmods/ablative_armor.png
분산 사격 통제,distributed_fire_control,,,,,,,,TRUE,,0,0,0,0,com.fs.starfarer.api.impl.hullmods.DistributedFireControl,외부 제어선과 전력 도관에 대한 피해로 무기가 오프라인되는 경우가 많습니다. 이 함선의 무기는 강화 분산 제어 네트워크에 연결되어 있습니다.,무기 내구도 증가 및 EMP 피해 감소.,,graphics/hullmods/distributed_fire_control2.png
Converted Cargo Bay,converted_bay,1,,,,,,,TRUE,,0,0,0,0,data.hullmods.ConvertedCargoBay,"This ship's cargo hold has been converted to house a pair of fighter bays. The improvised manufactory that produces fighter chassis is unreliable, and most components have minor defects. Fighter speed reduced by %s, and damage taken increased by %s.",Pair of improvised fighter bays.,,graphics/hullmods/converted_hangar.png
Special Modifications,andrada_mods,,,,"dmod, codex_require_related",,,,TRUE,,0,0,0,0,com.fs.starfarer.api.impl.hullmods.AndradaMods,"During an inspection of an early prototype, the Supreme Executor was heard to comment unfavorably on exposed conduits running along the passageways, and the danger these must pose to the brave and loyal crew under combat conditions. 

The new chief designer, a loyal officer appointed by the Supreme Executor himself, instructed the forge-programmers to make accommodations for the installation of special blast-proof insulated paneling produced by Sindria itself.

If the passages are a bit narrower, conduits prone to overheating, and flush-set panels somewhat unwieldy to access, the official readiness reports include no criticism of the changes. Everyone agrees in both public and - as the Internal Security Ministry can attest - in private, that the stark grandeur of the Lion's Guard fleet is breathtaking.

Crew casualties in combat are increased by %s. The base flux dissipation rate is reduced by %s, and the repair rate for disabled weapons and engines is reduced by %s.",Reduces the ship's performance.,,graphics/hullmods/special_modifications.png
Vast Bulk,vastbulk,,,,,,,,TRUE,,0,0,0,0,data.hullmods.VastBulk,"The main body of this structure is vast and is, for practical purposes, capable of absorbing any amount of damage from conventional weapons without being destroyed.",,,graphics/hullmods/vast_bulk.png
Axial Rotation,axialrotation,,,,,,,,TRUE,,0,0,0,0,data.hullmods.AxialRotation,This structure constantly rotates around its axis.,,,graphics/hullmods/axial_rotation.png
Anchor Rotation,anchorrotation,,,,,,,,TRUE,TRUE,0,0,0,0,data.hullmods.AnchorRotation,This structure rotates around its anchor attachment point. For station modules only.,,,graphics/hullmods/axial_rotation.png
Reduced Explosion,reduced_explosion,,,,,,,,TRUE,TRUE,0,0,0,0,data.hullmods.ReducedExplosion,Reduced explosion radius and damage.,,,graphics/hullmods/reduced_explosion.png
Always Detaches,always_detaches,,,,,,,,TRUE,TRUE,0,0,0,0,data.hullmods.AlwaysDetaches,Always detaches from parent structure when destroyed.,,,graphics/hullmods/detach_always.png
Never Detaches,never_detaches,,,,,,,,TRUE,TRUE,0,0,0,0,data.hullmods.NeverDetaches,Never detaches from parent structure when destroyed.,,,graphics/hullmods/detach_never.png
No Weapon Flux,no_weapon_flux,,,,,,,,TRUE,TRUE,0,0,0,0,data.hullmods.NoWeaponFlux,Weapon fire costs no flux. Used on fighters for fine-grained control of effective shield hitpoints.,,,
Do Not Fire Through,do_not_fire_through,,,,,,,,TRUE,TRUE,0,0,0,0,data.hullmods.DoNotFireThrough,"Weapons on other modules of a station will avoid firing through this module, even though the shots would go over it and not hit.",,,
Shard Spawner,shard_spawner,,,,,,,,TRUE,TRUE,0,0,0,0,com.fs.starfarer.api.impl.hullmods.ShardSpawner,Spawns shard ships when ship is disabled/destroyed.,,,
Do Not Back Off,do_not_back_off,,,,,,,,TRUE,TRUE,0,0,0,0,com.fs.starfarer.api.impl.hullmods.DoNotBackOff,Sets DO_NOT_BACK_OFF AIFlag,,,
,,,,,,,,,,,,,,,,,,,
# threat stuff,,,,,,,,,,,,,,,,,,,
Threat Hull,threat_hullmod,,,,"codex_require_related, threat",,,,TRUE,,0,0,0,0,com.fs.starfarer.api.impl.combat.threat.ThreatHullmod,Hidden hullmod for managing the special properties of Threat ships. Description created in script.,,,graphics/hullmods/the_threat.png
파편 군집,fragment_swarm,,,,"codex_unlockable, fragment, no_drop_salvage","Weapons, Special",30000,,,,6,12,18,30,com.fs.starfarer.api.impl.combat.threat.FragmentSwarmHullmod,"위협 파편 군집이 함선 주위를 맴돌며 파편 기반 무기에 재생 가능한 파편을 공급합니다.

기본 파편 수는 %s/%s/%s/%s이며, 교체 파편은 주기적으로 발사됩니다.",위협 파편 군집이 함선 주위를 맴돈다.,최대 전투 준비도를 %s 감소시키고 유지비를 %s 증가.,graphics/hullmods/fragment_swarm.png
보조 제조기,secondary_fabricator,,,,"codex_unlockable, fragment, no_drop_salvage","Weapons, Special",20000,,,,3,6,9,15,com.fs.starfarer.api.impl.combat.threat.SecondaryFabricatorHullmod,교체 파편이 발사되는 속도를 %s 증가시킵니다.,파편 교체 속도 증가.,파편 교체 속도를 추가로 %s 증가.,graphics/hullmods/secondary_fabricator.png
파편 조정기,fragment_coordinator,,,,"codex_unlockable, fragment, no_drop_salvage","Weapons, Special",15000,,,,3,6,9,15,com.fs.starfarer.api.impl.combat.threat.FragmentCoordinatorHullmod,함선의 파편 군집 최대 파편 수를 %s 증가시킵니다.,함선 주위 파편 군집 크기 증가.,파편 군집 크기를 추가로 %s 증가.,graphics/hullmods/fragment_coordinator.png
,,,,,,,,,,,,,,,,,,,
# shrouded dweller stuff,,,,,,,,,,,,,,,,,,,
Dweller Hullmod,dweller_hullmod,,,,dweller,,,,TRUE,TRUE,0,0,0,0,com.fs.starfarer.api.impl.combat.dweller.DwellerHullmod,Adds Shrouded Dweller visuals and any custom mechanics. Not visible to the player.,,,
장막 외피,shrouded_mantle,,,,"codex_unlockable, shrouded, no_drop_salvage",Special,,,,,3,6,9,15,com.fs.starfarer.api.impl.combat.dweller.ShroudedMantleHullmod,"함선은 선체에 상당한 피해를 입을 경우 위험으로부터 물러나려 합니다.

전투 중 선원 사상자가 %s 증가합니다.",함선이 피해를 받으면 물러난다.,함선이 굶주리는 균열이 제공하는 치유의 %s에서 혜택을 받음.,graphics/hullmods/shrouded_mantle.png
장막 뇌운,shrouded_thunderhead,,,,"codex_unlockable, shrouded, no_drop_salvage","Weapons, Special",,,,,5,10,15,25,com.fs.starfarer.api.impl.combat.dweller.ShroudedThunderheadHullmod,<스크립트에서 생성되는 툴팁>,함선이 최근 무기 표적에게 리프트 번개를 발사한다.,,graphics/hullmods/shrouded_thunderhead.png
장막 렌즈,shrouded_lens,,,,"codex_unlockable, shrouded, no_drop_salvage",Special,,,,,3,6,9,15,com.fs.starfarer.api.impl.combat.dweller.ShroudedLensHullmod,<스크립트에서 생성되는 툴팁>,렌즈가 자동으로 인근 목표에 집중하여 범위 피해를 준다.,,graphics/hullmods/shrouded_lens.png
,,,,,,,,,,,,,,,,,,,
# ship skin buffs,,,,,,,,,,,,,,,,,,,
Fourteenth Battlegroup,fourteenth,,,,,,,,TRUE,,0,0,0,0,data.hullmods.Fourteenth,"This ship is a survivor of the original 14th Domain Battlegroup which founded the Hegemony. It is a prime specimen of the Domain Navy's ""decisive battle"" doctrine, particularly exhibited by a series of radical structural modifications (performed with pre-Collapse industrial methods) which allow the mounting of heavier armor plating by a flat increase of %s standard units, with only a %s reduction in speed and maneuverability. Exceptionally well-tuned energy systems increase flux throughput and capacity by %s over standard examples of this hull.",,,graphics/hullmods/fourteenth.png
Militarized Hegemony Auxiliary,heg_militarized,,,,hide_in_codex,,,,TRUE,,0,0,0,0,data.hullmods.Militarized,"This ship is - or was - on the Hegemony auxiliary list. Uparmour kits applied at Hegemony Naval yards resulting in no loss of performance for a %s/%s/%s/%s increase in armor strength, depending on hull size. Core power systems have been upgraded to military standards resulting in a %s improvement in overall handling, %s increase in flux capacity, a %s increase in flux dissipation, and an increase of maximum burn level by %s.",,,graphics/hullmods/militarized_hegemony_auxiliary.png
,,,,,,,,,,,,,,,,,,,
,,,,,,,,,,,,,,,,,,,
# permanent ship debuffs,,,,,,,,,,,,,,,,,,,
손상된 장갑,comp_armor,,,,"dmod, damage, damageStruct",,,,TRUE,,0,0,0,0,data.hullmods.CompromisedArmor,이 함선의 장갑은 과거에 심각하고 수리 불가능한 손상을 입었거나 제조 결함이 있습니다. 장갑 등급이 크게 감소합니다.,장갑 등급 및 장갑 기반 피해 감소 효과 저하.,,graphics/hullmods/compromised_armor.png
손상된 선체,comp_hull,,,,"dmod, damage, damageStruct",,,,TRUE,,0,0,0,0,data.hullmods.CompromisedHull,이 함선의 선체는 과거에 심각하고 수리 불가능한 손상을 입었거나 제조 결함이 있습니다. 선체 강도가 크게 감소합니다.,선체 강도 감소.,,graphics/hullmods/compromised_hull.png
열화 엔진,degraded_engines,,,,"dmod, damage",,,,TRUE,,0,0,0,0,data.hullmods.DegradedEngines,"전투 피해, 제조 결함, 또는 오랜 기간의 방치로 인해 이 함선의 엔진이 최적 상태에서 벗어났습니다.",최고 속도 및 가속도 감소.,,graphics/hullmods/degraded_engines.png
열화 추진 필드,degraded_drive_field,,,,"dmod, damage, civOnly",,,,TRUE,,0,0,0,0,data.hullmods.DegradedDriveField,"전투 피해, 제조 결함, 또는 오랜 기간의 방치로 인해 이 함선의 추진 필드가 저하되었습니다.",최대 번 레벨 감소.,,graphics/hullmods/degraded_drivefield.png
결함 전력망,faulty_grid,,,,"dmod, damage",,,,TRUE,,0,0,0,0,data.hullmods.FaultyPowerGrid,"전투 피해, 제조 결함, 또는 오랜 기간의 방치로 인해 이 함선의 전력망이 완전히 복구될 수 없습니다.",플럭스 용량 및 방출 감소.,,graphics/hullmods/faulty_power_grid.png
위상 코일 불안정,unstable_coils,,,,"dmod, phaseDamage",,,,TRUE,,0,0,0,0,data.hullmods.PhaseCoilInstability,이 함선의 위상 코일은 미세한 결함으로 인해 제대로 조정할 수 없습니다. 위상 시간 보너스를 %s 감소시킵니다.,위상 시간 보너스 및 위상 속도 감소.,,graphics/hullmods/phase_coil_instability.png
구조적 손상,comp_structure,,,,"dmod, damageStruct, destroyedDamageAlways",,,,TRUE,,0,0,0,0,com.fs.starfarer.api.impl.hullmods.CompromisedStructure,이 함선의 선체는 과거에 극심한 피해를 입어 산산조각 날 뻔했습니다. 장갑 등급과 선체 강도가 크게 감소합니다.,장갑 등급 및 선체 강도 크게 감소.,,graphics/hullmods/structural_damage.png
오작동 센서 배열,glitched_sensors,,,,"dmod, damage",,,,TRUE,,0,0,0,0,com.fs.starfarer.api.impl.hullmods.GlitchedSensorArray,이 함선의 센서 배열은 전체 선체 개조 없이는 수리할 수 없을 정도로 손상되었습니다. 전투 중 무기 사거리가 감소합니다.,전투 중 무기 사거리 감소.,,graphics/hullmods/glitched_sensor_array.png
통신 장애,malfunctioning_comms,,,,"dmod, fighterBayDamage",,,,TRUE,,0,0,0,0,com.fs.starfarer.api.impl.hullmods.MalfunctioningComms,통신 시스템이 심각한 손상을 입어 전장 방해 전파를 뚫기가 더욱 어려워졌습니다. 전투 중 명령에 드는 비용이 증가합니다.,전투 중 명령 포인트 소모 증가.,,graphics/hullmods/malfunctioning_comms.png
결함 있는 제조기,defective_manufactory,,,,"dmod, fighterBayDamage",,,,TRUE,,0,0,0,0,com.fs.starfarer.api.impl.hullmods.DefectiveManufactory,전투기 기체를 생산하는 제조기가 불안정하여 대부분의 부품에 경미한 결함이 있습니다. 전투기 속도가 감소합니다.,전투기 속도 및 전투 효율 감소.,,graphics/hullmods/defective_manufactory.png
손상된 비행 갑판,damaged_deck,,,,"dmod, fighterBayDamage",,,,TRUE,,0,0,0,0,com.fs.starfarer.api.impl.hullmods.DamagedFlightDeck,이 함선의 비행 갑판은 심각한 손상을 입어 정상 운용에 크게 지장을 줍니다. 교체 전투기 출격 시간이 크게 증가합니다.,교체 전투기 출격 시간 크게 증가.,,graphics/hullmods/damaged_flight_deck.png
불안정한 보조 시스템,fragile_subsystems,,,,"dmod, damage, peak_time, notPhase",,,,TRUE,,0,0,0,0,com.fs.starfarer.api.impl.hullmods.FragileSubsystems,광범위한 여분 부품 손실로 인해 최고 운용 시간이 %s 감소하고 전투 준비도 감소 속도가 빨라집니다.,"최고 운용 시간 감소, CR 감소 속도 증가.",,graphics/hullmods/fragile_subsystems.png
손상된 보관창고,comp_storage,,,,"dmod, damage, civOnly",,,,TRUE,,0,0,0,0,com.fs.starfarer.api.impl.hullmods.CompromisedStorage,"이 함선의 보관 용량이 크게 저하되었습니다. 승무원, 화물, 연료 용량이 %s 감소합니다.","승무원, 화물, 연료 용량 감소.",,graphics/hullmods/compromised_storage.png
증가된 유지보수,increased_maintenance,,,,"dmod, damage, civ, notAuto",,,,TRUE,,0,0,0,0,com.fs.starfarer.api.impl.hullmods.IncreasedMaintenance,월간 유지 물자 비용을 %s 증가시킵니다. 최소 필요 승무원을 %s 증가시킵니다. 최대 전투 준비도를 감소시킵니다.,"유지비 및 승무원 요구량 증가, 최대 전투 준비도 감소.",,graphics/hullmods/increased_maintenance.png
불규칙 연료 분사기,erratic_injector,,,,"dmod, damage, civ",,,,TRUE,,0,0,0,0,com.fs.starfarer.api.impl.hullmods.ErraticInjector,연료 소모를 %s 증가시키고 플럭스 제로 부스트를 %s su/초 감소시킵니다.,"연료 소모 증가, 플럭스 제로 부스트 감소.",,graphics/hullmods/erratic_injector.png
결함 있는 자동화 시스템,faulty_auto,,,,"dmod, damage, notAuto",,,,TRUE,,0,0,0,0,com.fs.starfarer.api.impl.hullmods.FaultyAutomatedSystems,최소 필요 승무원을 %s 증가시키고 최대 전투 준비도를 %s 감소시킵니다.,"최소 승무원 요구량 증가, 최대 전투 준비도 감소.",,graphics/hullmods/faulty_automated_systems.png
손상된 무기 마운트,damaged_mounts,,,,"dmod, damage",,,,TRUE,,0,0,0,0,com.fs.starfarer.api.impl.hullmods.DamagedWeaponMounts,무기 선회 속도를 %s 감소시키고 반동을 %s 증가시킵니다.,"무기 선회 속도 감소, 반동 증가.",,graphics/hullmods/damaged_weapon_mounts.png
열화 생명유지 장치,degraded_life_support,,,,"dmod, damage, notAuto",,,,TRUE,,0,0,0,0,com.fs.starfarer.api.impl.hullmods.DegradedLifeSupport,"최대 승무원 수용량을 %s, 최대 전투 준비도를 %s 감소시킵니다.",최대 승무원 수용량 및 전투 준비도 감소.,,graphics/hullmods/degraded_life_support.png
열화 방어막,degraded_shields,,,,"dmod, damage, reqShields",,,,TRUE,,0,0,0,0,com.fs.starfarer.api.impl.hullmods.DegradedShields,방어막이 받는 피해를 %s 증가시킵니다.,방어막이 받는 피해 증가.,,graphics/hullmods/degraded_shields.png
,,,,,,,,,,,,,,,,,,,
파괴된 무기 마운트,destroyed_mounts,,,,dmod,,,,TRUE,,0,0,0,0,data.hullmods.DestroyedWeaponMounts,이 함선의 일부 원래 무기 마운트는 수리 불가능하게 손상되어 더 이상 사용할 수 없습니다.,일부 원래 무기 마운트 영구 사용 불가.,,graphics/hullmods/damaged_weapon_mounts.png
무모한 개조,ill_advised,,,,dmod,,,,TRUE,,0,0,0,0,data.hullmods.IllAdvised,이 선체의 시스템은 공인된 엔지니어링 감독 없이 설계에서 크게 벗어나 개조되었습니다.,함선 시스템 성능 크게 저하.,,graphics/hullmods/illadvised.png
